Commit Hash,Class Name,LOC,LCOM,CBO,ELOC,COH,McCabe,TCC,HALSTAD,DIT,NOC,RFC,MESSAGE
8217d359e077c2f73c4596e0e7c4445b2bab9401,HeadersBenchmark,167,0,13,55,0,1,0,413,0,0,1,core: make session context final
8217d359e077c2f73c4596e0e7c4445b2bab9401,DynamicIntegerSetProperty,43,10,1,17,0,5,0,111,1,0,6,core: make session context final
8217d359e077c2f73c4596e0e7c4445b2bab9401,PatternListStringProperty,56,1,5,23,0,2,0,365,1,0,10,core: make session context final
8217d359e077c2f73c4596e0e7c4445b2bab9401,AbstrHttpConnectionExpiryHandler,104,0,10,51,0,5,0,585,1,0,22,core: make session context final
8217d359e077c2f73c4596e0e7c4445b2bab9401,AccessLogChannelHandler,132,0,13,64,0,0,0,734,0,0,0,core: make session context final
8217d359e077c2f73c4596e0e7c4445b2bab9401,AccessLogPublisher,128,2,12,57,0,4,0,818,0,0,31,core: make session context final
8217d359e077c2f73c4596e0e7c4445b2bab9401,CategorizedThreadFactory,43,0,2,15,0,2,0,180,0,0,2,core: make session context final
8217d359e077c2f73c4596e0e7c4445b2bab9401,ChannelConfig,77,0,1,35,1,8,3,356,0,0,17,core: make session context final
8217d359e077c2f73c4596e0e7c4445b2bab9401,ChannelConfigKey,63,0,0,27,0,6,2,237,0,0,6,core: make session context final
8217d359e077c2f73c4596e0e7c4445b2bab9401,ChannelConfigValue,44,0,0,17,0,3,0,133,0,0,3,core: make session context final
8217d359e077c2f73c4596e0e7c4445b2bab9401,CommonChannelConfigKeys,65,0,6,35,0,0,0,468,0,0,0,core: make session context final
8217d359e077c2f73c4596e0e7c4445b2bab9401,CloseOnIdleStateHandler,41,0,5,16,1,2,0,212,1,0,5,core: make session context final
8217d359e077c2f73c4596e0e7c4445b2bab9401,ConnectionCloseChannelAttributes,44,1,6,14,0,2,0,156,0,0,8,core: make session context final
8217d359e077c2f73c4596e0e7c4445b2bab9401,Http1ConnectionCloseHandler,146,10,11,65,0,5,0,547,1,0,27,core: make session context final
8217d359e077c2f73c4596e0e7c4445b2bab9401,Http1ConnectionExpiryHandler,38,1,1,11,0,2,0,141,1,0,2,core: make session context final
8217d359e077c2f73c4596e0e7c4445b2bab9401,DynamicHttp2FrameLogger,188,159,14,99,0,19,0,1001,1,0,71,core: make session context final
8217d359e077c2f73c4596e0e7c4445b2bab9401,Http2ConnectionCloseHandler,242,34,19,111,0,9,0,1509,1,0,51,core: make session context final
8217d359e077c2f73c4596e0e7c4445b2bab9401,Http2ConnectionExpiryHandler,42,1,2,11,0,2,0,220,1,0,2,core: make session context final
8217d359e077c2f73c4596e0e7c4445b2bab9401,HttpChannelFlags,71,0,4,30,0,0,0,298,0,0,0,core: make session context final
8217d359e077c2f73c4596e0e7c4445b2bab9401,HttpClientLifecycleChannelHandler,114,0,8,54,0,0,0,433,1,0,0,core: make session context final
8217d359e077c2f73c4596e0e7c4445b2bab9401,HttpLifecycleChannelHandler,182,1,11,75,0,3,0,733,0,0,22,core: make session context final
8217d359e077c2f73c4596e0e7c4445b2bab9401,HttpRequestReadTimeoutEvent,27,0,0,6,0,0,0,112,0,0,0,core: make session context final
8217d359e077c2f73c4596e0e7c4445b2bab9401,HttpRequestReadTimeoutHandler,130,9,10,63,0,7,0,792,1,0,22,core: make session context final
8217d359e077c2f73c4596e0e7c4445b2bab9401,HttpServerLifecycleChannelHandler,120,0,9,61,0,0,0,454,1,0,0,core: make session context final
8217d359e077c2f73c4596e0e7c4445b2bab9401,LeastConnsEventLoopChooserFactory,103,0,10,44,0,2,0,473,0,0,2,core: make session context final
8217d359e077c2f73c4596e0e7c4445b2bab9401,EventLoopGroupMetrics,92,6,5,41,0,5,0,347,0,0,22,core: make session context final
8217d359e077c2f73c4596e0e7c4445b2bab9401,EventLoopMetrics,88,6,3,42,0,8,1,320,0,0,22,core: make session context final
8217d359e077c2f73c4596e0e7c4445b2bab9401,Http2MetricsChannelHandlers,166,6,10,93,0,5,0,683,0,0,16,core: make session context final
8217d359e077c2f73c4596e0e7c4445b2bab9401,HttpBodySizeRecordingChannelHandler,165,4,10,88,0,4,0,677,0,0,9,core: make session context final
8217d359e077c2f73c4596e0e7c4445b2bab9401,HttpMetricsChannelHandler,110,1,13,50,0,7,0,561,1,0,29,core: make session context final
8217d359e077c2f73c4596e0e7c4445b2bab9401,InstrumentedResourceLeakDetector,81,4,6,40,0,5,0,561,1,0,15,core: make session context final
8217d359e077c2f73c4596e0e7c4445b2bab9401,PerEventLoopMetricsChannelHandler,94,0,5,45,0,1,0,397,0,0,1,core: make session context final
8217d359e077c2f73c4596e0e7c4445b2bab9401,ElbProxyProtocolChannelHandler,68,2,9,32,0,4,0,420,1,0,15,core: make session context final
8217d359e077c2f73c4596e0e7c4445b2bab9401,HAProxyMessageChannelHandler,125,0,14,67,1,1,0,621,1,0,17,core: make session context final
8217d359e077c2f73c4596e0e7c4445b2bab9401,StripUntrustedProxyHeadersHandler,125,8,16,59,0,5,0,505,1,0,18,core: make session context final
8217d359e077c2f73c4596e0e7c4445b2bab9401,RequestResponseCompleteEvent,26,0,0,5,0,0,0,36,0,0,0,core: make session context final
8217d359e077c2f73c4596e0e7c4445b2bab9401,SourceAddressChannelHandler,172,6,13,81,0,4,0,1280,1,0,22,core: make session context final
8217d359e077c2f73c4596e0e7c4445b2bab9401,ServerSslConfig,175,26,8,96,0,17,3,796,0,0,23,core: make session context final
8217d359e077c2f73c4596e0e7c4445b2bab9401,SslHandshakeInfo,83,2,3,40,0,8,1,368,0,0,8,core: make session context final
8217d359e077c2f73c4596e0e7c4445b2bab9401,ServerStatusManager,44,0,4,12,1,2,0,118,0,0,3,core: make session context final
8217d359e077c2f73c4596e0e7c4445b2bab9401,SwallowSomeHttp2ExceptionsHandler,72,1,9,28,0,3,0,258,1,0,12,core: make session context final
8217d359e077c2f73c4596e0e7c4445b2bab9401,MaxInboundConnectionsHandler,96,0,12,41,0,4,1,593,1,0,18,core: make session context final
8217d359e077c2f73c4596e0e7c4445b2bab9401,RejectionUtils,270,45,25,157,0,10,0,1809,0,0,48,core: make session context final
8217d359e077c2f73c4596e0e7c4445b2bab9401,RequestRejectedEvent,52,2,3,24,0,5,0,143,0,0,5,core: make session context final
8217d359e077c2f73c4596e0e7c4445b2bab9401,Attrs,132,6,9,73,0,9,1,989,0,0,15,core: make session context final
8217d359e077c2f73c4596e0e7c4445b2bab9401,BasicFilterUsageNotifier,42,0,3,13,0,2,0,176,0,0,9,core: make session context final
8217d359e077c2f73c4596e0e7c4445b2bab9401,BasicRequestCompleteHandler,48,0,6,12,1,1,0,158,0,0,3,core: make session context final
8217d359e077c2f73c4596e0e7c4445b2bab9401,ZuulConstants,76,0,0,52,0,1,0,420,0,0,1,core: make session context final
8217d359e077c2f73c4596e0e7c4445b2bab9401,ZuulHeaders,55,0,0,26,0,1,0,324,0,0,1,core: make session context final
8217d359e077c2f73c4596e0e7c4445b2bab9401,CommonContextKeys,69,0,0,37,0,0,0,423,0,0,0,core: make session context final
8217d359e077c2f73c4596e0e7c4445b2bab9401,Debug,211,105,10,134,0,15,0,1314,0,0,70,core: make session context final
8217d359e077c2f73c4596e0e7c4445b2bab9401,SessionCleaner,29,0,1,6,0,1,0,56,0,0,1,core: make session context final
8217d359e077c2f73c4596e0e7c4445b2bab9401,SessionContext,356,960,8,243,0,45,0,2318,1,0,78,core: make session context final
8217d359e077c2f73c4596e0e7c4445b2bab9401,SessionContextDecorator,25,0,0,6,0,1,0,57,0,0,1,core: make session context final
8217d359e077c2f73c4596e0e7c4445b2bab9401,SessionContextFactory,25,1,2,4,0,2,0,56,0,0,2,core: make session context final
8217d359e077c2f73c4596e0e7c4445b2bab9401,ZuulSessionContextDecorator,82,0,10,25,0,2,0,287,0,0,12,core: make session context final
8217d359e077c2f73c4596e0e7c4445b2bab9401,DefaultFilterFactory,37,0,1,13,0,1,0,238,0,0,2,core: make session context final
8217d359e077c2f73c4596e0e7c4445b2bab9401,DynamicCodeCompiler,32,1,1,7,0,2,0,123,0,0,2,core: make session context final
8217d359e077c2f73c4596e0e7c4445b2bab9401,DynamicFilterLoader,212,0,16,139,0,9,1,1881,0,0,56,core: make session context final
8217d359e077c2f73c4596e0e7c4445b2bab9401,ErrorType,48,3,3,18,0,3,0,202,0,0,3,core: make session context final
8217d359e077c2f73c4596e0e7c4445b2bab9401,OutboundException,64,0,2,27,0,4,1,250,1,0,14,core: make session context final
8217d359e077c2f73c4596e0e7c4445b2bab9401,ZuulException,94,20,0,61,0,12,1,440,1,0,12,core: make session context final
8217d359e077c2f73c4596e0e7c4445b2bab9401,ZuulFilterConcurrencyExceededException,25,0,1,5,0,1,0,71,1,0,2,core: make session context final
8217d359e077c2f73c4596e0e7c4445b2bab9401,FilterFactory,33,0,1,12,0,1,0,166,0,0,1,core: make session context final
8217d359e077c2f73c4596e0e7c4445b2bab9401,FilterFileManager,225,5,18,147,0,10,2,1610,0,0,50,core: make session context final
8217d359e077c2f73c4596e0e7c4445b2bab9401,FilterLoader,68,10,7,26,0,5,0,667,0,0,5,core: make session context final
8217d359e077c2f73c4596e0e7c4445b2bab9401,BaseFilter,140,64,8,69,0,13,0,1252,0,0,30,core: make session context final
8217d359e077c2f73c4596e0e7c4445b2bab9401,BaseSyncFilter,45,1,2,14,0,2,0,279,1,0,4,core: make session context final
8217d359e077c2f73c4596e0e7c4445b2bab9401,GZipResponseFilter,134,15,19,62,0,6,0,847,1,0,37,core: make session context final
8217d359e077c2f73c4596e0e7c4445b2bab9401,SurgicalDebugFilter,96,6,10,39,0,4,0,636,1,0,16,core: make session context final
8217d359e077c2f73c4596e0e7c4445b2bab9401,MissingEndpointHandlingFilter,62,0,10,24,0,4,0,251,1,0,9,core: make session context final
8217d359e077c2f73c4596e0e7c4445b2bab9401,ProxyEndpoint,1104,588,95,699,0,57,2,6709,1,0,348,core: make session context final
8217d359e077c2f73c4596e0e7c4445b2bab9401,Endpoint,47,3,1,14,0,3,0,152,1,0,3,core: make session context final
8217d359e077c2f73c4596e0e7c4445b2bab9401,FilterError,60,0,0,28,0,6,2,265,0,0,6,core: make session context final
8217d359e077c2f73c4596e0e7c4445b2bab9401,FilterRegistry,51,15,2,19,0,6,0,401,0,0,6,core: make session context final
8217d359e077c2f73c4596e0e7c4445b2bab9401,HttpInboundFilter,33,0,3,8,0,1,0,84,1,0,1,core: make session context final
8217d359e077c2f73c4596e0e7c4445b2bab9401,HttpInboundSyncFilter,33,0,3,8,0,1,0,84,1,0,1,core: make session context final
8217d359e077c2f73c4596e0e7c4445b2bab9401,HttpOutboundFilter,40,1,4,11,0,2,0,113,1,0,2,core: make session context final
8217d359e077c2f73c4596e0e7c4445b2bab9401,HttpOutboundSyncFilter,33,0,3,8,0,1,0,84,1,0,1,core: make session context final
8217d359e077c2f73c4596e0e7c4445b2bab9401,HttpSyncEndpoint,103,10,12,41,0,5,0,424,1,0,16,core: make session context final
8217d359e077c2f73c4596e0e7c4445b2bab9401,MutableFilterRegistry,62,0,7,21,0,6,1,184,0,0,15,core: make session context final
8217d359e077c2f73c4596e0e7c4445b2bab9401,InboundPassportStampingFilter,41,1,5,11,0,2,0,103,1,0,2,core: make session context final
8217d359e077c2f73c4596e0e7c4445b2bab9401,OutboundPassportStampingFilter,41,1,5,11,0,2,0,103,1,0,2,core: make session context final
8217d359e077c2f73c4596e0e7c4445b2bab9401,PassportStampingFilter,53,2,4,21,0,4,0,195,1,0,9,core: make session context final
8217d359e077c2f73c4596e0e7c4445b2bab9401,ShouldFilter,33,0,1,10,0,1,0,178,0,0,1,core: make session context final
8217d359e077c2f73c4596e0e7c4445b2bab9401,SyncZuulFilter,29,0,1,6,0,1,0,74,0,0,1,core: make session context final
8217d359e077c2f73c4596e0e7c4445b2bab9401,SyncZuulFilterAdapter,98,55,5,36,0,11,0,889,0,0,13,core: make session context final
8217d359e077c2f73c4596e0e7c4445b2bab9401,ZuulFilter,117,66,5,68,0,12,0,1245,0,0,21,core: make session context final
8217d359e077c2f73c4596e0e7c4445b2bab9401,FilterUsageNotifier,30,0,1,6,0,1,0,119,0,0,1,core: make session context final
8217d359e077c2f73c4596e0e7c4445b2bab9401,Http2FrameLoggingPerClientIpHandler,49,0,5,18,1,1,0,290,1,0,8,core: make session context final
8217d359e077c2f73c4596e0e7c4445b2bab9401,Header,73,0,0,42,0,7,2,445,0,0,12,core: make session context final
8217d359e077c2f73c4596e0e7c4445b2bab9401,HeaderName,84,2,1,49,0,8,1,452,0,0,13,core: make session context final
8217d359e077c2f73c4596e0e7c4445b2bab9401,Headers,679,1650,17,524,0,60,0,4068,0,0,251,core: make session context final
8217d359e077c2f73c4596e0e7c4445b2bab9401,Cookies,77,2,5,40,0,5,0,331,0,0,14,core: make session context final
8217d359e077c2f73c4596e0e7c4445b2bab9401,HttpHeaderNames,103,0,3,60,0,1,0,780,0,0,2,core: make session context final
8217d359e077c2f73c4596e0e7c4445b2bab9401,HttpHeaderNamesCache,63,0,2,26,0,3,1,247,0,0,7,core: make session context final
8217d359e077c2f73c4596e0e7c4445b2bab9401,HttpQueryParams,270,0,15,167,0,23,5,1501,0,0,79,core: make session context final
8217d359e077c2f73c4596e0e7c4445b2bab9401,HttpRequestInfo,81,190,3,36,0,20,0,546,0,0,20,core: make session context final
8217d359e077c2f73c4596e0e7c4445b2bab9401,HttpRequestMessage,45,36,1,14,0,9,0,152,0,0,9,core: make session context final
8217d359e077c2f73c4596e0e7c4445b2bab9401,HttpRequestMessageImpl,633,935,27,387,0,58,5,3429,0,0,161,core: make session context final
8217d359e077c2f73c4596e0e7c4445b2bab9401,HttpResponseInfo,41,15,1,14,0,6,0,165,0,0,6,core: make session context final
8217d359e077c2f73c4596e0e7c4445b2bab9401,HttpResponseMessage,48,28,1,22,0,8,0,289,0,0,8,core: make session context final
8217d359e077c2f73c4596e0e7c4445b2bab9401,HttpResponseMessageImpl,304,249,14,164,0,35,5,1514,0,0,99,core: make session context final
8217d359e077c2f73c4596e0e7c4445b2bab9401,HttpRequestBuilder,116,8,8,68,0,8,1,682,0,0,17,core: make session context final
8217d359e077c2f73c4596e0e7c4445b2bab9401,ZuulMessage,144,171,5,84,0,19,0,1526,0,0,19,core: make session context final
8217d359e077c2f73c4596e0e7c4445b2bab9401,ZuulMessageImpl,235,139,15,143,0,22,2,1208,0,0,59,core: make session context final
8217d359e077c2f73c4596e0e7c4445b2bab9401,OriginStats,27,1,0,7,0,2,0,76,0,0,2,core: make session context final
8217d359e077c2f73c4596e0e7c4445b2bab9401,OriginStatsFactory,26,0,0,6,0,1,0,60,0,0,1,core: make session context final
8217d359e077c2f73c4596e0e7c4445b2bab9401,ConnCounter,151,14,12,76,0,8,0,949,0,0,37,core: make session context final
8217d359e077c2f73c4596e0e7c4445b2bab9401,ConnTimer,133,0,15,64,0,6,0,672,0,0,30,core: make session context final
8217d359e077c2f73c4596e0e7c4445b2bab9401,MonitoringHelper,43,0,0,20,0,1,0,192,0,0,2,core: make session context final
8217d359e077c2f73c4596e0e7c4445b2bab9401,Tracer,38,1,0,15,0,2,0,131,0,0,2,core: make session context final
8217d359e077c2f73c4596e0e7c4445b2bab9401,TracerFactory,50,1,0,23,0,3,0,250,0,0,5,core: make session context final
8217d359e077c2f73c4596e0e7c4445b2bab9401,ChannelUtils,40,0,2,10,0,1,0,167,0,0,9,core: make session context final
8217d359e077c2f73c4596e0e7c4445b2bab9401,BasicRequestStat,95,45,5,44,0,11,0,328,0,0,17,core: make session context final
8217d359e077c2f73c4596e0e7c4445b2bab9401,ClientChannelManager,63,66,6,17,0,12,0,199,0,0,12,core: make session context final
8217d359e077c2f73c4596e0e7c4445b2bab9401,ClientTimeoutHandler,72,0,9,33,0,0,0,380,0,0,0,core: make session context final
8217d359e077c2f73c4596e0e7c4445b2bab9401,ConnectionPoolConfig,60,105,1,20,0,15,0,125,0,0,15,core: make session context final
8217d359e077c2f73c4596e0e7c4445b2bab9401,ConnectionPoolConfigImpl,151,48,6,75,0,16,2,566,0,0,32,core: make session context final
8217d359e077c2f73c4596e0e7c4445b2bab9401,ConnectionPoolHandler,159,7,16,91,0,7,1,1030,1,0,47,core: make session context final
8217d359e077c2f73c4596e0e7c4445b2bab9401,DefaultClientChannelManager,454,89,36,251,0,23,2,2554,0,0,97,core: make session context final
8217d359e077c2f73c4596e0e7c4445b2bab9401,DefaultOriginChannelInitializer,111,4,14,54,0,5,0,761,1,0,16,core: make session context final
8217d359e077c2f73c4596e0e7c4445b2bab9401,IConnectionPool,42,28,5,13,0,8,0,152,0,0,8,core: make session context final
8217d359e077c2f73c4596e0e7c4445b2bab9401,NettyClientConnectionFactory,66,1,11,13,0,2,0,153,0,0,2,core: make session context final
8217d359e077c2f73c4596e0e7c4445b2bab9401,OriginChannelInitializer,32,0,3,6,0,1,0,77,1,0,1,core: make session context final
8217d359e077c2f73c4596e0e7c4445b2bab9401,OriginConnectException,45,0,1,17,1,3,1,189,1,0,3,core: make session context final
8217d359e077c2f73c4596e0e7c4445b2bab9401,PerServerConnectionPool,405,148,22,239,0,21,1,2218,0,0,121,core: make session context final
8217d359e077c2f73c4596e0e7c4445b2bab9401,PooledConnection,242,219,12,139,0,26,2,1145,0,0,62,core: make session context final
8217d359e077c2f73c4596e0e7c4445b2bab9401,PooledConnectionFactory,29,0,1,6,0,1,0,60,0,0,1,core: make session context final
8217d359e077c2f73c4596e0e7c4445b2bab9401,RequestStat,61,53,3,22,0,11,0,222,0,0,13,core: make session context final
8217d359e077c2f73c4596e0e7c4445b2bab9401,ZuulNettyExceptionMapper,27,0,0,5,0,0,0,40,0,0,0,core: make session context final
8217d359e077c2f73c4596e0e7c4445b2bab9401,BaseZuulFilterRunner,476,160,43,281,0,20,0,2590,0,0,127,core: make session context final
8217d359e077c2f73c4596e0e7c4445b2bab9401,FilterRunner,29,1,2,7,0,2,0,78,0,0,2,core: make session context final
8217d359e077c2f73c4596e0e7c4445b2bab9401,ZuulEndPointRunner,221,76,24,132,0,13,0,1315,1,0,73,core: make session context final
8217d359e077c2f73c4596e0e7c4445b2bab9401,ZuulFilterChainHandler,169,0,31,96,0,8,1,945,1,0,42,core: make session context final
8217d359e077c2f73c4596e0e7c4445b2bab9401,ZuulFilterChainRunner,158,9,13,103,0,6,0,952,1,0,42,core: make session context final
8217d359e077c2f73c4596e0e7c4445b2bab9401,PassportLoggingHandler,149,6,22,65,0,5,0,972,1,0,39,core: make session context final
8217d359e077c2f73c4596e0e7c4445b2bab9401,PassportStateHttpClientHandler,100,0,10,49,0,1,0,412,0,0,3,core: make session context final
8217d359e077c2f73c4596e0e7c4445b2bab9401,PassportStateHttpServerHandler,119,0,11,54,0,1,0,476,0,0,3,core: make session context final
8217d359e077c2f73c4596e0e7c4445b2bab9401,PassportStateListener,55,0,4,23,1,3,1,191,0,0,5,core: make session context final
8217d359e077c2f73c4596e0e7c4445b2bab9401,PassportStateOriginHandler,98,0,7,39,0,1,0,363,0,0,3,core: make session context final
8217d359e077c2f73c4596e0e7c4445b2bab9401,ServerStateHandler,135,0,12,71,0,1,0,689,0,0,3,core: make session context final
8217d359e077c2f73c4596e0e7c4445b2bab9401,NettyRequestAttemptFactory,92,1,16,41,0,2,0,338,0,0,11,core: make session context final
8217d359e077c2f73c4596e0e7c4445b2bab9401,NullChannelHandlerProvider,31,0,3,5,0,1,0,41,0,0,1,core: make session context final
8217d359e077c2f73c4596e0e7c4445b2bab9401,RequestCancelledEvent,26,0,0,5,0,0,0,36,0,0,0,core: make session context final
8217d359e077c2f73c4596e0e7c4445b2bab9401,BaseServerStartup,326,133,34,159,0,18,0,1747,0,0,43,core: make session context final
8217d359e077c2f73c4596e0e7c4445b2bab9401,BaseZuulChannelInitializer,366,69,55,186,0,18,0,2527,1,0,44,core: make session context final
8217d359e077c2f73c4596e0e7c4445b2bab9401,ClientConnectionsShutdown,156,0,22,54,0,3,0,800,0,0,19,core: make session context final
8217d359e077c2f73c4596e0e7c4445b2bab9401,ClientRequestReceiver,438,65,54,231,0,14,0,2413,1,0,138,core: make session context final
8217d359e077c2f73c4596e0e7c4445b2bab9401,ClientResponseWriter,322,17,42,196,0,11,0,1849,1,0,87,core: make session context final
8217d359e077c2f73c4596e0e7c4445b2bab9401,DefaultEventLoopConfig,57,0,2,21,0,4,1,183,0,0,5,core: make session context final
8217d359e077c2f73c4596e0e7c4445b2bab9401,DirectMemoryMonitor,130,0,14,61,0,3,0,551,0,0,14,core: make session context final
8217d359e077c2f73c4596e0e7c4445b2bab9401,EventLoopConfig,23,1,0,4,0,2,0,18,0,0,2,core: make session context final
8217d359e077c2f73c4596e0e7c4445b2bab9401,Http1MutualSslChannelInitializer,97,1,9,42,0,3,0,446,1,0,25,core: make session context final
8217d359e077c2f73c4596e0e7c4445b2bab9401,DummyChannelHandler,38,3,2,11,0,3,0,143,0,0,3,core: make session context final
8217d359e077c2f73c4596e0e7c4445b2bab9401,Http2Configuration,81,1,6,33,0,2,0,352,0,0,12,core: make session context final
8217d359e077c2f73c4596e0e7c4445b2bab9401,Http2ContentLengthEnforcingHandler,100,0,11,53,0,3,0,892,1,0,15,core: make session context final
8217d359e077c2f73c4596e0e7c4445b2bab9401,Http2OrHttpHandler,115,2,19,47,0,4,0,544,1,0,27,core: make session context final
8217d359e077c2f73c4596e0e7c4445b2bab9401,Http2ResetFrameHandler,44,0,5,13,0,1,0,153,1,0,2,core: make session context final
8217d359e077c2f73c4596e0e7c4445b2bab9401,Http2SslChannelInitializer,139,8,18,59,0,5,0,688,1,0,33,core: make session context final
8217d359e077c2f73c4596e0e7c4445b2bab9401,Http2StreamErrorHandler,45,0,7,17,0,1,0,175,1,0,3,core: make session context final
8217d359e077c2f73c4596e0e7c4445b2bab9401,Http2StreamHeaderCleaner,50,0,4,16,0,1,0,481,1,0,5,core: make session context final
8217d359e077c2f73c4596e0e7c4445b2bab9401,Http2StreamInitializer,119,0,16,46,0,5,0,549,1,0,18,core: make session context final
8217d359e077c2f73c4596e0e7c4445b2bab9401,MethodBinding,48,0,2,21,0,2,0,280,0,0,5,core: make session context final
8217d359e077c2f73c4596e0e7c4445b2bab9401,NamedSocketAddress,70,0,3,33,0,7,2,308,1,0,11,core: make session context final
8217d359e077c2f73c4596e0e7c4445b2bab9401,OriginResponseReceiver,285,63,33,174,0,15,1,1688,1,0,74,core: make session context final
8217d359e077c2f73c4596e0e7c4445b2bab9401,PushAuthHandler,118,13,9,73,0,6,0,794,1,0,36,core: make session context final
8217d359e077c2f73c4596e0e7c4445b2bab9401,PushChannelInitializer,74,15,7,30,0,6,0,310,1,0,16,core: make session context final
8217d359e077c2f73c4596e0e7c4445b2bab9401,PushClientProtocolHandler,43,0,2,15,1,2,0,187,1,0,3,core: make session context final
8217d359e077c2f73c4596e0e7c4445b2bab9401,PushConnection,96,11,6,53,0,7,0,562,0,0,15,core: make session context final
8217d359e077c2f73c4596e0e7c4445b2bab9401,PushConnectionRegistry,67,0,6,30,0,6,1,311,0,0,15,core: make session context final
8217d359e077c2f73c4596e0e7c4445b2bab9401,PushMessageFactory,46,3,2,17,0,3,0,284,0,0,6,core: make session context final
8217d359e077c2f73c4596e0e7c4445b2bab9401,PushMessageSender,210,20,26,107,0,13,0,1359,1,0,55,core: make session context final
8217d359e077c2f73c4596e0e7c4445b2bab9401,PushMessageSenderInitializer,46,0,5,16,1,3,0,180,1,0,6,core: make session context final
8217d359e077c2f73c4596e0e7c4445b2bab9401,PushRegistrationHandler,187,0,11,116,0,12,1,1874,1,0,61,core: make session context final
8217d359e077c2f73c4596e0e7c4445b2bab9401,PushUserAuth,26,3,0,5,0,3,0,28,0,0,3,core: make session context final
8217d359e077c2f73c4596e0e7c4445b2bab9401,Server,511,33,60,299,0,14,1,3497,0,0,83,core: make session context final
8217d359e077c2f73c4596e0e7c4445b2bab9401,ServerTimeout,40,0,0,12,1,3,1,94,0,0,3,core: make session context final
8217d359e077c2f73c4596e0e7c4445b2bab9401,SocketAddressProperty,173,0,10,18,1,2,0,707,1,0,2,core: make session context final
8217d359e077c2f73c4596e0e7c4445b2bab9401,SslHandshakeInfoHandler,206,0,23,117,0,5,1,1509,1,0,46,core: make session context final
8217d359e077c2f73c4596e0e7c4445b2bab9401,ZuulDependencyKeys,59,0,15,20,0,0,0,296,0,0,0,core: make session context final
8217d359e077c2f73c4596e0e7c4445b2bab9401,ZuulServerChannelInitializer,65,3,4,24,0,3,0,266,1,0,12,core: make session context final
8217d359e077c2f73c4596e0e7c4445b2bab9401,SpectatorUtils,65,28,5,34,0,8,0,277,0,0,26,core: make session context final
8217d359e077c2f73c4596e0e7c4445b2bab9401,BaseSslContextFactory,235,27,33,130,0,14,1,1504,0,0,69,core: make session context final
8217d359e077c2f73c4596e0e7c4445b2bab9401,ClientSslContextFactory,81,6,7,34,0,4,0,408,1,0,15,core: make session context final
8217d359e077c2f73c4596e0e7c4445b2bab9401,SslContextFactory,37,10,4,10,0,5,0,118,0,0,5,core: make session context final
8217d359e077c2f73c4596e0e7c4445b2bab9401,OriginTimeoutManager,116,8,12,58,0,5,0,895,0,0,24,core: make session context final
8217d359e077c2f73c4596e0e7c4445b2bab9401,RequestAttempt,379,507,14,254,0,38,2,1855,0,0,84,core: make session context final
8217d359e077c2f73c4596e0e7c4445b2bab9401,RequestAttempts,93,13,10,45,0,6,0,424,1,0,17,core: make session context final
8217d359e077c2f73c4596e0e7c4445b2bab9401,BasicNettyOrigin,250,260,32,122,0,25,0,1354,0,0,59,core: make session context final
8217d359e077c2f73c4596e0e7c4445b2bab9401,BasicNettyOriginManager,55,0,5,17,0,3,0,320,0,0,4,core: make session context final
8217d359e077c2f73c4596e0e7c4445b2bab9401,InstrumentedOrigin,49,21,2,18,0,7,0,273,0,0,7,core: make session context final
8217d359e077c2f73c4596e0e7c4445b2bab9401,NettyOrigin,73,78,13,18,0,13,0,409,0,0,13,core: make session context final
8217d359e077c2f73c4596e0e7c4445b2bab9401,Origin,27,3,0,8,0,3,0,62,0,0,3,core: make session context final
8217d359e077c2f73c4596e0e7c4445b2bab9401,OriginConcurrencyExceededException,28,0,1,5,0,1,0,53,1,0,1,core: make session context final
8217d359e077c2f73c4596e0e7c4445b2bab9401,OriginManager,30,1,1,7,0,2,0,99,0,0,2,core: make session context final
8217d359e077c2f73c4596e0e7c4445b2bab9401,OriginName,159,6,3,88,0,12,1,1782,0,0,21,core: make session context final
8217d359e077c2f73c4596e0e7c4445b2bab9401,OriginStats,60,0,5,29,1,2,0,443,0,0,7,core: make session context final
8217d359e077c2f73c4596e0e7c4445b2bab9401,OriginThrottledException,45,0,3,16,0,3,0,137,1,0,5,core: make session context final
8217d359e077c2f73c4596e0e7c4445b2bab9401,CurrentPassport,528,201,24,313,0,31,4,2294,0,0,135,core: make session context final
8217d359e077c2f73c4596e0e7c4445b2bab9401,PassportItem,45,0,0,17,0,4,1,115,0,0,4,core: make session context final
8217d359e077c2f73c4596e0e7c4445b2bab9401,StartAndEnd,41,2,0,16,0,4,0,88,0,0,4,core: make session context final
8217d359e077c2f73c4596e0e7c4445b2bab9401,Tracer,76,6,5,37,0,4,0,382,1,0,9,core: make session context final
8217d359e077c2f73c4596e0e7c4445b2bab9401,RequestCompleteHandler,24,0,2,3,0,1,0,28,0,0,1,core: make session context final
8217d359e077c2f73c4596e0e7c4445b2bab9401,StaticFilterLoader,158,17,28,78,0,7,0,896,0,0,32,core: make session context final
8217d359e077c2f73c4596e0e7c4445b2bab9401,AmazonInfoHolder,35,1,1,12,0,2,0,112,0,0,2,core: make session context final
8217d359e077c2f73c4596e0e7c4445b2bab9401,BasicRequestMetricsPublisher,33,0,1,7,0,1,0,78,0,0,1,core: make session context final
8217d359e077c2f73c4596e0e7c4445b2bab9401,ErrorStatsData,88,5,5,44,0,6,0,654,0,0,17,core: make session context final
8217d359e077c2f73c4596e0e7c4445b2bab9401,ErrorStatsManager,87,1,3,52,0,3,0,496,0,0,10,core: make session context final
8217d359e077c2f73c4596e0e7c4445b2bab9401,Monitor,30,0,0,11,0,1,0,125,0,0,1,core: make session context final
8217d359e077c2f73c4596e0e7c4445b2bab9401,MonitorRegistry,47,1,0,21,0,3,0,306,0,0,4,core: make session context final
8217d359e077c2f73c4596e0e7c4445b2bab9401,NamedCount,27,1,0,8,0,2,0,78,0,0,2,core: make session context final
8217d359e077c2f73c4596e0e7c4445b2bab9401,NamedCountingMonitor,73,6,6,35,0,5,0,276,0,0,14,core: make session context final
8217d359e077c2f73c4596e0e7c4445b2bab9401,RequestMetricsPublisher,28,0,1,6,0,1,0,56,0,0,1,core: make session context final
8217d359e077c2f73c4596e0e7c4445b2bab9401,RouteStatusCodeMonitor,93,5,8,49,0,6,0,521,0,0,16,core: make session context final
8217d359e077c2f73c4596e0e7c4445b2bab9401,StatsManager,252,49,10,159,0,11,0,1819,0,0,52,core: make session context final
8217d359e077c2f73c4596e0e7c4445b2bab9401,StatusCategory,31,3,0,8,0,3,0,70,0,0,3,core: make session context final
8217d359e077c2f73c4596e0e7c4445b2bab9401,StatusCategoryGroup,29,1,0,7,0,2,0,68,0,0,2,core: make session context final
8217d359e077c2f73c4596e0e7c4445b2bab9401,StatusCategoryUtils,71,21,6,37,0,7,0,374,0,0,18,core: make session context final
8217d359e077c2f73c4596e0e7c4445b2bab9401,Gzipper,96,0,7,58,0,5,1,504,0,0,22,core: make session context final
8217d359e077c2f73c4596e0e7c4445b2bab9401,HttpUtils,178,66,11,119,0,12,0,1373,0,0,45,core: make session context final
8217d359e077c2f73c4596e0e7c4445b2bab9401,JsonUtility,151,1,3,98,0,2,0,1065,0,0,22,core: make session context final
8217d359e077c2f73c4596e0e7c4445b2bab9401,ProxyUtils,89,6,7,45,0,4,0,367,0,0,16,core: make session context final
8217d359e077c2f73c4596e0e7c4445b2bab9401,VipUtils,55,6,0,32,0,4,0,392,0,0,12,core: make session context final
8217d359e077c2f73c4596e0e7c4445b2bab9401,ZuulApplicationInfo,43,2,0,20,0,4,0,182,0,0,4,core: make session context final
8217d359e077c2f73c4596e0e7c4445b2bab9401,CloseOnIdleStateHandlerTest,55,0,12,16,1,2,0,139,0,0,11,core: make session context final
8217d359e077c2f73c4596e0e7c4445b2bab9401,HttpServerLifecycleChannelHandlerTest,75,1,9,27,0,2,0,186,0,0,20,core: make session context final
8217d359e077c2f73c4596e0e7c4445b2bab9401,InstrumentedResourceLeakDetectorTest,48,0,6,14,1,2,0,82,0,0,5,core: make session context final
8217d359e077c2f73c4596e0e7c4445b2bab9401,ElbProxyProtocolChannelHandlerTest,266,0,27,130,0,9,4,600,0,0,124,core: make session context final
8217d359e077c2f73c4596e0e7c4445b2bab9401,HAProxyMessageChannelHandlerTest,70,0,14,20,0,1,0,180,0,0,17,core: make session context final
8217d359e077c2f73c4596e0e7c4445b2bab9401,StripUntrustedProxyHeadersHandlerTest,157,0,24,68,0,10,4,458,0,0,71,core: make session context final
8217d359e077c2f73c4596e0e7c4445b2bab9401,SourceAddressChannelHandlerTest,116,10,17,49,0,5,0,425,0,0,31,core: make session context final
8217d359e077c2f73c4596e0e7c4445b2bab9401,MaxInboundConnectionsHandlerTest,65,0,15,19,1,2,0,152,0,0,15,core: make session context final
8217d359e077c2f73c4596e0e7c4445b2bab9401,AttrsTest,90,21,8,42,0,7,0,169,0,0,37,core: make session context final
8217d359e077c2f73c4596e0e7c4445b2bab9401,PushConnectionTest,83,10,4,48,0,5,0,245,0,0,20,core: make session context final
8217d359e077c2f73c4596e0e7c4445b2bab9401,DebugTest,180,0,25,79,0,9,3,572,0,0,78,core: make session context final
8217d359e077c2f73c4596e0e7c4445b2bab9401,SessionContextTest,33,0,4,7,0,1,0,48,0,0,3,core: make session context final
8217d359e077c2f73c4596e0e7c4445b2bab9401,DynamicFilterLoaderTest,150,0,20,71,0,6,2,579,0,0,44,core: make session context final
8217d359e077c2f73c4596e0e7c4445b2bab9401,FilterFileManagerTest,71,1,14,22,0,2,0,203,0,0,13,core: make session context final
8217d359e077c2f73c4596e0e7c4445b2bab9401,BaseFilterTest,79,1,9,31,0,2,0,311,0,0,7,core: make session context final
8217d359e077c2f73c4596e0e7c4445b2bab9401,GZipResponseFilterTest,121,0,23,55,0,4,1,471,0,0,45,core: make session context final
8217d359e077c2f73c4596e0e7c4445b2bab9401,HeadersTest,721,1326,17,488,0,52,0,1987,0,0,355,core: make session context final
8217d359e077c2f73c4596e0e7c4445b2bab9401,HttpQueryParamsTest,148,45,6,81,0,10,0,367,0,0,45,core: make session context final
8217d359e077c2f73c4596e0e7c4445b2bab9401,HttpRequestMessageImplTest,382,22,22,218,0,13,2,947,0,0,78,core: make session context final
8217d359e077c2f73c4596e0e7c4445b2bab9401,HttpResponseMessageImplTest,68,0,10,25,0,3,1,238,0,0,16,core: make session context final
8217d359e077c2f73c4596e0e7c4445b2bab9401,ZuulMessageImplTest,147,36,9,94,0,9,0,392,0,0,70,core: make session context final
8217d359e077c2f73c4596e0e7c4445b2bab9401,ConnCounterTest,76,1,11,32,0,2,0,206,0,0,23,core: make session context final
8217d359e077c2f73c4596e0e7c4445b2bab9401,ConnTimerTest,62,0,11,22,0,1,0,158,0,0,13,core: make session context final
8217d359e077c2f73c4596e0e7c4445b2bab9401,DefaultClientChannelManagerTest,150,15,24,62,0,6,0,457,0,0,84,core: make session context final
8217d359e077c2f73c4596e0e7c4445b2bab9401,ServerStateHandlerTest,104,0,15,45,0,4,1,258,0,0,28,core: make session context final
8217d359e077c2f73c4596e0e7c4445b2bab9401,BaseZuulChannelInitializerTest,122,15,18,61,0,6,0,308,0,0,21,core: make session context final
8217d359e077c2f73c4596e0e7c4445b2bab9401,ClientRequestReceiverTest,256,21,33,143,0,7,0,835,0,0,108,core: make session context final
8217d359e077c2f73c4596e0e7c4445b2bab9401,Http2ContentLengthEnforcingHandlerTest,126,6,15,57,0,4,0,221,0,0,40,core: make session context final
8217d359e077c2f73c4596e0e7c4445b2bab9401,Http2OrHttpHandlerTest,76,0,17,22,0,1,0,271,0,0,12,core: make session context final
8217d359e077c2f73c4596e0e7c4445b2bab9401,ServerTest,88,6,22,36,0,4,0,357,0,0,17,core: make session context final
8217d359e077c2f73c4596e0e7c4445b2bab9401,SocketAddressPropertyTest,168,66,20,89,0,12,0,369,0,0,89,core: make session context final
8217d359e077c2f73c4596e0e7c4445b2bab9401,SslHandshakeInfoHandlerTest,75,1,17,27,0,2,0,270,0,0,21,core: make session context final
8217d359e077c2f73c4596e0e7c4445b2bab9401,ClientSslContextFactoryTest,46,1,5,13,0,2,0,91,0,0,8,core: make session context final
8217d359e077c2f73c4596e0e7c4445b2bab9401,OriginTimeoutManagerTest,137,0,16,60,0,8,3,384,0,0,42,core: make session context final
8217d359e077c2f73c4596e0e7c4445b2bab9401,OriginNameTest,81,15,5,36,0,6,0,159,0,0,25,core: make session context final
8217d359e077c2f73c4596e0e7c4445b2bab9401,CurrentPassportTest,92,15,4,37,0,6,0,219,0,0,32,core: make session context final
8217d359e077c2f73c4596e0e7c4445b2bab9401,StaticFilterLoaderTest,133,0,12,59,1,2,0,350,0,0,12,core: make session context final
8217d359e077c2f73c4596e0e7c4445b2bab9401,ErrorStatsDataTest,56,1,6,23,0,2,0,159,0,0,8,core: make session context final
8217d359e077c2f73c4596e0e7c4445b2bab9401,ErrorStatsManagerTest,53,1,6,22,0,2,0,146,0,0,10,core: make session context final
8217d359e077c2f73c4596e0e7c4445b2bab9401,RouteStatusCodeMonitorTest,56,1,6,25,0,2,0,175,0,0,8,core: make session context final
8217d359e077c2f73c4596e0e7c4445b2bab9401,StatsManagerTest,121,15,12,61,0,6,0,446,0,0,35,core: make session context final
8217d359e077c2f73c4596e0e7c4445b2bab9401,HttpUtilsTest,58,6,7,22,0,4,0,149,0,0,13,core: make session context final
8217d359e077c2f73c4596e0e7c4445b2bab9401,JsonUtilityTest,175,36,7,100,0,9,0,450,0,0,38,core: make session context final
8217d359e077c2f73c4596e0e7c4445b2bab9401,VipUtilsTest,48,1,4,20,0,2,0,132,0,0,6,core: make session context final
8217d359e077c2f73c4596e0e7c4445b2bab9401,DiscoveryResult,241,0,11,155,0,34,9,1545,0,0,81,core: make session context final
8217d359e077c2f73c4596e0e7c4445b2bab9401,DynamicServerResolver,97,1,15,43,0,6,1,513,0,0,26,core: make session context final
8217d359e077c2f73c4596e0e7c4445b2bab9401,NonDiscoveryServer,57,4,2,24,0,5,0,349,0,0,9,core: make session context final
8217d359e077c2f73c4596e0e7c4445b2bab9401,ResolverResult,34,3,0,9,0,3,0,140,0,0,3,core: make session context final
8217d359e077c2f73c4596e0e7c4445b2bab9401,SimpleMetaInfo,47,0,1,19,1,4,1,226,0,0,7,core: make session context final
8217d359e077c2f73c4596e0e7c4445b2bab9401,Resolver,45,3,0,19,0,3,0,285,0,0,3,core: make session context final
8217d359e077c2f73c4596e0e7c4445b2bab9401,ResolverListener,34,0,1,11,0,1,0,148,0,0,1,core: make session context final
8217d359e077c2f73c4596e0e7c4445b2bab9401,DiscoveryResultTest,182,36,12,76,0,9,0,404,0,0,81,core: make session context final
8217d359e077c2f73c4596e0e7c4445b2bab9401,DynamicServerResolverTest,92,3,14,32,0,3,0,278,0,0,20,core: make session context final
8217d359e077c2f73c4596e0e7c4445b2bab9401,GroovyCompiler,65,3,6,29,0,3,0,368,0,0,8,core: make session context final
8217d359e077c2f73c4596e0e7c4445b2bab9401,GroovyFileFilter,28,0,2,8,0,1,0,81,0,0,2,core: make session context final
8217d359e077c2f73c4596e0e7c4445b2bab9401,FilterInfo,243,19,4,151,0,18,3,1582,0,0,31,core: make session context final
8217d359e077c2f73c4596e0e7c4445b2bab9401,FilterVerifier,79,10,5,40,0,5,0,525,0,0,16,core: make session context final
8217d359e077c2f73c4596e0e7c4445b2bab9401,GroovyCompilerTest,55,0,9,21,0,1,0,218,0,0,9,core: make session context final
8217d359e077c2f73c4596e0e7c4445b2bab9401,GroovyFileFilterTest,41,0,6,10,0,1,0,90,0,0,4,core: make session context final
8217d359e077c2f73c4596e0e7c4445b2bab9401,FilterVerifierTest,154,0,9,36,0,3,1,507,0,0,21,core: make session context final
8217d359e077c2f73c4596e0e7c4445b2bab9401,GuiceFilterFactory,39,0,5,9,1,2,0,101,0,0,4,core: make session context final
8217d359e077c2f73c4596e0e7c4445b2bab9401,ZuulFiltersModule,130,0,18,54,0,4,0,638,1,0,28,core: make session context final
8217d359e077c2f73c4596e0e7c4445b2bab9401,BaseInjectionIntegTest,39,0,5,11,1,1,0,163,0,0,2,core: make session context final
8217d359e077c2f73c4596e0e7c4445b2bab9401,GuiceFilterFactoryIntegTest,47,0,6,11,1,2,0,97,1,0,6,core: make session context final
8217d359e077c2f73c4596e0e7c4445b2bab9401,TestGuiceConstructorFilter,53,10,5,18,0,5,0,134,1,0,5,core: make session context final
8217d359e077c2f73c4596e0e7c4445b2bab9401,TestGuiceFieldFilter,49,6,5,15,0,4,0,112,1,0,4,core: make session context final
8217d359e077c2f73c4596e0e7c4445b2bab9401,InitTestModule,34,0,6,7,0,1,0,48,1,0,5,core: make session context final
8217d359e077c2f73c4596e0e7c4445b2bab9401,TestZuulFilter,44,6,3,14,0,4,0,98,1,0,4,core: make session context final
8217d359e077c2f73c4596e0e7c4445b2bab9401,ZuulFiltersModuleIntegTest,57,1,10,17,0,2,0,135,1,0,7,core: make session context final
8217d359e077c2f73c4596e0e7c4445b2bab9401,ZuulFiltersModuleTest,132,0,9,57,1,7,3,280,0,0,54,core: make session context final
8217d359e077c2f73c4596e0e7c4445b2bab9401,TestZuulFilter2,44,6,3,14,0,4,0,98,1,0,4,core: make session context final
8217d359e077c2f73c4596e0e7c4445b2bab9401,FilterProcessor,142,6,31,76,0,4,0,738,1,0,35,core: make session context final
8217d359e077c2f73c4596e0e7c4445b2bab9401,FilterProcessorTest,48,0,9,9,0,1,0,76,0,0,6,core: make session context final
8217d359e077c2f73c4596e0e7c4445b2bab9401,SubpackageFilter,25,0,3,2,0,0,0,16,1,0,0,core: make session context final
8217d359e077c2f73c4596e0e7c4445b2bab9401,OverrideFilter,25,0,3,2,0,0,0,16,1,0,0,core: make session context final
8217d359e077c2f73c4596e0e7c4445b2bab9401,TestFilter,96,78,7,44,0,13,0,288,0,0,13,core: make session context final
8217d359e077c2f73c4596e0e7c4445b2bab9401,TopLevelFilter,48,0,2,15,0,0,0,124,1,0,0,core: make session context final
8217d359e077c2f73c4596e0e7c4445b2bab9401,Bootstrap,68,1,4,34,0,2,0,403,0,0,13,core: make session context final
8217d359e077c2f73c4596e0e7c4445b2bab9401,Debug,50,3,3,16,0,3,0,216,1,0,9,core: make session context final
8217d359e077c2f73c4596e0e7c4445b2bab9401,SamplePushAuthHandler,65,3,9,26,0,3,0,522,1,0,10,core: make session context final
8217d359e077c2f73c4596e0e7c4445b2bab9401,SamplePushMessageSender,49,1,8,15,0,2,0,160,1,0,6,core: make session context final
8217d359e077c2f73c4596e0e7c4445b2bab9401,SamplePushMessageSenderInitializer,44,0,5,13,1,2,0,131,1,0,2,core: make session context final
8217d359e077c2f73c4596e0e7c4445b2bab9401,SamplePushUserAuth,58,0,1,26,0,6,0,185,0,0,6,core: make session context final
8217d359e077c2f73c4596e0e7c4445b2bab9401,SampleSSEPushChannelInitializer,52,0,5,17,1,2,0,200,1,0,5,core: make session context final
8217d359e077c2f73c4596e0e7c4445b2bab9401,SampleSSEPushClientProtocolHandler,71,0,11,21,0,1,0,274,1,0,13,core: make session context final
8217d359e077c2f73c4596e0e7c4445b2bab9401,SampleWebSocketPushChannelInitializer,50,0,7,19,1,2,0,215,1,0,6,core: make session context final
8217d359e077c2f73c4596e0e7c4445b2bab9401,SampleWebSocketPushClientProtocolHandler,68,0,7,36,1,1,0,410,1,0,11,core: make session context final
8217d359e077c2f73c4596e0e7c4445b2bab9401,SampleServerStartup,243,1,33,99,0,3,0,815,1,0,20,core: make session context final
8217d359e077c2f73c4596e0e7c4445b2bab9401,SampleService,48,1,4,15,0,3,0,154,0,0,6,core: make session context final
8217d359e077c2f73c4596e0e7c4445b2bab9401,ZuulSampleModule,93,0,28,29,0,1,0,283,1,0,9,core: make session context final
